Gender,accuracy
Female,0.8888888888888888
Male,0.781021897810219
Other,1.0
